{"cameraMode":{"drawMode":0,"name":"Shaded","section":"Shading Mode"},"sceneLighting":true,"audioPlay":false,"sceneViewState":{"m_AlwaysRefresh":false,"showFog":true,"showSkybox":true,"showFlares":true,"showImageEffects":true,"showParticleSystems":true,"showVisualEffectGraphs":true,"m_FxEnabled":true},"in2DMode":false,"pivot":{"x":-0.39447328448295596,"y":-0.3557182550430298,"z":-3.828749418258667},"rotation":{"x":0.13848859071731568,"y":0.8590550422668457,"z":-0.3817768096923828,"w":0.31163153052330019},"size":36.94255828857422,"orthographic":false}