{"cameraMode":{"drawMode":0,"name":"Shaded","section":"Shading Mode"},"sceneLighting":true,"audioPlay":false,"sceneViewState":{"m_AlwaysRefresh":false,"showFog":true,"showSkybox":true,"showFlares":true,"showImageEffects":true,"showParticleSystems":true,"showVisualEffectGraphs":true,"m_FxEnabled":true},"in2DMode":false,"pivot":{"x":-16.247968673706056,"y":-3.9680559635162355,"z":-19.07777976989746},"rotation":{"x":-0.6425763368606567,"y":0.002597636776044965,"z":-0.0020093063358217479,"w":-0.7662897109985352},"size":21.971654891967775,"orthographic":false}